"","num","Differences","sequencename"
"1",1,2174,"gi|381216831|gb|JQ038106.1|Enterovirus_C|2004|2004|Central_African_Republic|NA"
"2",2,877,"gi|406066053|gb|JX393302.1|Human_enterovirus_C105|10_Nov_2010|2010|Peru|SA"
"3",3,883,"gi|386656189|gb|JN900470.1|Human_enterovirus_C109|23_Jan_2007|2007|Hungary|EU"
"4",4,883,"gi|300490508|gb|GQ865517.1|Human_enterovirus_C109|23_Feb_2008|2008|Nicaragua|NA"
"5",5,2307,"gi|402750042|gb|JX006786.1|Human_enterovirus_C109|01_Feb_2006|2006|Italy|EU"
"6",6,2306,"gi|402750038|gb|JX006784.1|Human_enterovirus_C109|01_Nov_2005|2005|Italy|EU"
"7",7,883,"gi|403494947|gb|JX262382.1|Human_enterovirus_C117|Jun_2011|2011|Lithuania|NA"
"8",8,881,"gi|385866885|gb|JQ446368.1|Enterovirus_C|Jun_2011|2011|Lithuania|NA"
"9",9,879,"gi|594009760|dbj|AB828290.1|CV_A19|2001|2001|Japan|AS"
"10",10,1147,"gi|594009756|dbj|AB828288.1|CV_A19|2001|2001|Japan|AS"
"11",11,893,"gi|406066048|gb|JX393301.1|Human_enterovirus_C118|10_Nov_2010|2010|Peru|SA"
"12",12,917,"gi|475882678|gb|KC785523.1|Human_enterovirus_C104|26_Mar_2009|2009|Gambia|NA"
"13",13,914,"gi|429891726|gb|JX982256.1|Human_enterovirus_C104|May_2009|2009|Italy|EU"
"14",14,914,"gi|429891728|gb|JX982257.1|Human_enterovirus_C104|Apr_2009|2009|Italy|EU"
"15",15,914,"gi|429891732|gb|JX982259.1|Human_enterovirus_C104|May_2009|2009|Italy|EU"
"16",16,911,"gi|429891722|gb|JX982254.1|Human_enterovirus_C104|Apr_2009|2009|Italy|EU"
"17",17,2296,"gi|308195863|gb|HM370294.1|Human_enterovirus_C104|Apr_2009|2009|Italy|EU"
"18",18,913,"gi|429891720|gb|JX982253.1|Human_enterovirus_C104|Apr_2009|2009|Italy|EU"
"19",19,914,"gi|429891730|gb|JX982258.1|Human_enterovirus_C104|May_2009|2009|Italy|EU"
"20",20,913,"gi|429891724|gb|JX982255.1|Human_enterovirus_C104|May_2009|2009|Italy|EU"
"21",21,2296,"gi|379139113|gb|JN967691.1|Enterovirus_C|Feb_2009|2009|Italy|EU"
"22",22,2298,"gi|308195865|gb|HM370295.1|Human_enterovirus_C104|May_2009|2009|Italy|EU"
"23",23,922,"gi|383387796|dbj|AB686524.1|Human_enterovirus_C104|Feb_2011|2011|Japan|AS"
"24",24,917,"gi|475882680|gb|KC785524.1|Human_enterovirus_C104|28_Apr_2009|2009|Gambia|NA"
"25",25,2236,"gi|392507636|gb|JX008871.1|CV_A19|2009|2009|Denmark|EU"
"26",26,2229,"gi|381216819|gb|JQ038100.1|Enterovirus_C|2006|2006|Central_African_Republic|NA"
"27",27,2289,"gi|291498117|gb|GU722098.1|Human_enterovirus_C104|May_2009|2009|Italy|EU"
"28",28,901,"gi|410832934|gb|JX961708.1|Human_enterovirus_C118|Jan_2011|2011|Israel|AS"
"29",29,901,"gi|392858955|gb|JQ922256.1|Enterovirus_C|Jan_2011|2011|Israel|AS"
"30",30,2275,"gi|379139101|gb|JN967685.1|Enterovirus_C|Jan_2011|2011|Israel|AS"
"31",31,2228,"gi|381216813|gb|JQ038097.1|Enterovirus_C|2006|2006|Central_African_Republic|NA"
"32",32,2231,"gi|381216827|gb|JQ038104.1|Enterovirus_C|2005|2005|Central_African_Republic|NA"
"33",33,2225,"gi|381216815|gb|JQ038098.1|Enterovirus_C|2005|2005|Central_African_Republic|NA"
"34",34,900,"gi|410832936|gb|JX961709.1|Human_enterovirus_C118|Mar_2011|2011|Israel|AS"
"35",35,2214,"gi|381216859|gb|JQ038120.1|Enterovirus_C|1998|1998|Central_African_Republic|NA"
"36",36,2220,"gi|381216811|gb|JQ038096.1|Enterovirus_C|2005|2005|Central_African_Republic|NA"
"37",37,2219,"gi|381216807|gb|JQ038094.1|Enterovirus_C|2005|2005|Central_African_Republic|NA"
"38",38,2223,"gi|381216847|gb|JQ038114.1|Enterovirus_C|1998|1998|Central_African_Republic|NA"
"39",39,2219,"gi|381216817|gb|JQ038099.1|Enterovirus_C|2006|2006|Central_African_Republic|NA"
"40",40,2284,"gi|379139103|gb|JN967686.1|Enterovirus_C|Mar_2011|2011|Israel|AS"
"41",41,876,"gi|475882694|gb|KC785531.1|CV_A19|Mar_2009|2009|Bangladesh|AS"
"42",42,883,"gi|475882696|gb|KC785532.1|CV_A19|Oct_2006|2006|Bangladesh|AS"
"43",43,886,"gi|469664896|gb|KC344833.1|Human_enterovirus_113|2006|2006|Bangladesh|AS"
"44",44,894,"gi|469664898|gb|KC344834.1|Human_enterovirus_113|2009|2009|Bangladesh|AS"
"45",45,906,"gi|354682107|gb|JN542510.1|Human_coxsackievirus_A22|Jul_2010|2010|Hong_Kong|EU"
"46",46,2275,"gi|255033679|gb|GQ281588.1|CV_A1|Aug_2008|2008|Russia|AS"
"47",47,911,"gi|402479427|gb|JX174177.1|CV_A1|06_Sep_2011|2011|China|AS"
"48",48,914,"gi|402479425|gb|JX174176.1|CV_A1|02_Sep_2011|2011|China|AS"
"49",49,916,"gi|475882690|gb|KC785529.1|CV_A1|Apr_2009|2009|Bangladesh|AS"
"50",50,899,"gi|475882688|gb|KC785528.1|Human_coxsackievirus_A22|Jan_2009|2009|Bangladesh|AS"
"51",51,898,"gi|475882692|gb|KC785530.1|Human_coxsackievirus_A22|Jun_2009|2009|Bangladesh|AS"
"52",52,35,"gi|242200436|gb|FJ769385.1|Human_poliovirus_1|07_Aug_2004|2004|China|AS"
"53",53,35,"gi|242200434|gb|FJ769384.1|Human_poliovirus_1|06_Aug_2004|2004|China|AS"
"54",54,35,"gi|242200432|gb|FJ769383.1|Human_poliovirus_1|08_Aug_2004|2004|China|AS"
"55",55,35,"gi|242200422|gb|FJ769378.1|Human_poliovirus_1|13_Jul_2004|2004|China|AS"
"56",56,30,"gi|242200430|gb|FJ769382.1|Human_poliovirus_1|15_Jun_2004|2004|China|AS"
"57",57,30,"gi|242200424|gb|FJ769379.1|Human_poliovirus_1|26_Jul_2004|2004|China|AS"
"58",58,33,"gi|242200428|gb|FJ769381.1|Human_poliovirus_1|16_Aug_2004|2004|China|AS"
"59",59,32,"gi|242200426|gb|FJ769380.1|Human_poliovirus_1|10_Aug_2004|2004|China|AS"
"60",60,1261,"gi|82542350|gb|DQ264351.1|Human_poliovirus_1|2002|2002|Georgia|EU"
"61",61,1260,"gi|82542340|gb|DQ264346.1|Human_poliovirus_1|2001|2001|Russia|AS"
"62",62,1257,"gi|82542342|gb|DQ264347.1|Human_poliovirus_1|2001|2001|Russia|AS"
"63",63,21,"gi|239915273|dbj|AB467434.1|Human_poliovirus_1|2005|2005|Egypt|AF"
"64",64,84,"gi|239915227|dbj|AB467411.1|Human_poliovirus_1|2005|2005|Egypt|AF"
"65",65,1256,"gi|82542356|gb|DQ264354.1|Human_poliovirus_1|2002|2002|Georgia|EU"
"66",66,20,"gi|239915315|dbj|AB467455.1|Human_poliovirus_1|2005|2005|Egypt|AF"
"67",67,1256,"gi|82542346|gb|DQ264349.1|Human_poliovirus_1|1998|1998|Russia|AS"
"68",68,1258,"gi|82542336|gb|DQ264344.1|Human_poliovirus_1|2000|2000|Kyrgyzstan|AS"
"69",69,1758,"gi|239915851|dbj|AB467723.1|Human_poliovirus_1|2005|2005|Egypt|AF"
"70",70,1255,"gi|82542320|gb|DQ264336.1|Human_poliovirus_1|2000|2000|Russia|AS"
"71",71,1255,"gi|82542300|gb|DQ264326.1|Human_poliovirus_1|1998|1998|Russia|AS"
"72",72,15,"gi|239915211|dbj|AB467403.1|Human_poliovirus_1|2005|2005|Egypt|AF"
"73",73,1255,"gi|82542298|gb|DQ264325.1|Human_poliovirus_1|1997|1997|Russia|AS"
"74",74,1254,"gi|82542318|gb|DQ264335.1|Human_poliovirus_1|2001|2001|Russia|AS"
"75",75,15,"gi|239915397|dbj|AB467496.1|Human_poliovirus_1|2005|2005|Egypt|AF"
"76",76,16,"gi|239915333|dbj|AB467464.1|Human_poliovirus_1|2005|2005|Egypt|AF"
"77",77,109,"gi|239915203|dbj|AB467399.1|Human_poliovirus_1|2005|2005|Egypt|AF"
"78",78,15,"gi|239915507|dbj|AB467551.1|Human_poliovirus_1|2005|2005|Egypt|AF"
"79",79,1254,"gi|82542296|gb|DQ264324.1|Human_poliovirus_1|1997|1997|Russia|AS"
"80",80,1255,"gi|82542302|gb|DQ264327.1|Human_poliovirus_1|1998|1998|Russia|AS"
"81",81,1252,"gi|82542304|gb|DQ264328.1|Human_poliovirus_1|1998|1998|Russia|AS"
"82",82,11,"gi|239915527|dbj|AB467561.1|Human_poliovirus_1|2005|2005|Egypt|AF"
"83",83,66,"gi|239915533|dbj|AB467564.1|Human_poliovirus_1|2005|2005|Egypt|AF"
"84",84,12,"gi|239915617|dbj|AB467606.1|Human_poliovirus_1|2005|2005|Egypt|AF"
"85",85,10,"gi|239915391|dbj|AB467493.1|Human_poliovirus_1|2005|2005|Egypt|AF"
"86",86,10,"gi|239915817|dbj|AB467706.1|Human_poliovirus_1|2005|2005|Egypt|AF"
"87",87,33,"gi|239915569|dbj|AB467582.1|Human_poliovirus_1|2005|2005|Egypt|AF"
"88",88,11,"gi|239915431|dbj|AB467513.1|Human_poliovirus_1|2005|2005|Egypt|AF"
"89",89,918,"gi|239915853|dbj|AB467724.1|Human_poliovirus_1|2005|2005|Egypt|AF"
"90",90,954,"gi|239915847|dbj|AB467721.1|Human_poliovirus_1|2005|2005|Egypt|AF"
"91",91,10,"gi|239915331|dbj|AB467463.1|Human_poliovirus_1|2005|2005|Egypt|AF"
"92",92,22,"gi|239915215|dbj|AB467405.1|Human_poliovirus_1|2005|2005|Egypt|AF"
"93",93,10,"gi|239915813|dbj|AB467704.1|Human_poliovirus_1|2005|2005|Egypt|AF"
"94",94,84,"gi|239915579|dbj|AB467587.1|Human_poliovirus_1|2005|2005|Egypt|AF"
"95",95,72,"gi|239915267|dbj|AB467431.1|Human_poliovirus_1|2005|2005|Egypt|AF"
"96",96,72,"gi|239915185|dbj|AB467390.1|Human_poliovirus_1|2005|2005|Egypt|AF"
"97",97,9,"gi|239915739|dbj|AB467667.1|Human_poliovirus_1|2005|2005|Egypt|AF"
"98",98,10,"gi|239915733|dbj|AB467664.1|Human_poliovirus_1|2005|2005|Egypt|AF"
"99",99,9,"gi|239915671|dbj|AB467633.1|Human_poliovirus_1|2005|2005|Egypt|AF"
"100",100,12,"gi|239915665|dbj|AB467630.1|Human_poliovirus_1|2005|2005|Egypt|AF"
"101",101,9,"gi|239915663|dbj|AB467629.1|Human_poliovirus_1|2005|2005|Egypt|AF"
"102",102,9,"gi|239915629|dbj|AB467612.1|Human_poliovirus_1|2005|2005|Egypt|AF"
"103",103,10,"gi|239915543|dbj|AB467569.1|Human_poliovirus_1|2005|2005|Egypt|AF"
"104",104,9,"gi|239915525|dbj|AB467560.1|Human_poliovirus_1|2005|2005|Egypt|AF"
"105",105,9,"gi|239915517|dbj|AB467556.1|Human_poliovirus_1|2005|2005|Egypt|AF"
"106",106,63,"gi|239915513|dbj|AB467554.1|Human_poliovirus_1|2005|2005|Egypt|AF"
"107",107,9,"gi|239915443|dbj|AB467519.1|Human_poliovirus_1|2005|2005|Egypt|AF"
"108",108,15,"gi|239915433|dbj|AB467514.1|Human_poliovirus_1|2005|2005|Egypt|AF"
"109",109,9,"gi|239915429|dbj|AB467512.1|Human_poliovirus_1|2005|2005|Egypt|AF"
"110",110,24,"gi|239915423|dbj|AB467509.1|Human_poliovirus_1|2005|2005|Egypt|AF"
"111",111,9,"gi|239915395|dbj|AB467495.1|Human_poliovirus_1|2005|2005|Egypt|AF"
"112",112,9,"gi|239915381|dbj|AB467488.1|Human_poliovirus_1|2005|2005|Egypt|AF"
"113",113,9,"gi|239915379|dbj|AB467487.1|Human_poliovirus_1|2005|2005|Egypt|AF"
"114",114,10,"gi|239915367|dbj|AB467481.1|Human_poliovirus_1|2005|2005|Egypt|AF"
"115",115,9,"gi|239915353|dbj|AB467474.1|Human_poliovirus_1|2005|2005|Egypt|AF"
"116",116,24,"gi|239915311|dbj|AB467453.1|Human_poliovirus_1|2005|2005|Egypt|AF"
"117",117,24,"gi|239915307|dbj|AB467451.1|Human_poliovirus_1|2005|2005|Egypt|AF"
"118",118,25,"gi|239915285|dbj|AB467440.1|Human_poliovirus_1|2005|2005|Egypt|AF"
"119",119,9,"gi|239915279|dbj|AB467437.1|Human_poliovirus_1|2005|2005|Egypt|AF"
"120",120,69,"gi|239915229|dbj|AB467412.1|Human_poliovirus_1|2005|2005|Egypt|AF"
"121",121,36,"gi|239915221|dbj|AB467408.1|Human_poliovirus_1|2005|2005|Egypt|AF"
"122",122,9,"gi|239915217|dbj|AB467406.1|Human_poliovirus_1|2005|2005|Egypt|AF"
"123",123,63,"gi|239915171|dbj|AB467383.1|Human_poliovirus_1|2005|2005|Egypt|AF"
"124",124,898,"gi|239915849|dbj|AB467722.1|Human_poliovirus_1|2005|2005|Egypt|AF"
"125",125,11,"gi|239915701|dbj|AB467648.1|Human_poliovirus_1|2005|2005|Egypt|AF"
"126",126,73,"gi|239915565|dbj|AB467580.1|Human_poliovirus_1|2005|2005|Egypt|AF"
"127",127,10,"gi|239915529|dbj|AB467562.1|Human_poliovirus_1|2005|2005|Egypt|AF"
"128",128,11,"gi|239915503|dbj|AB467549.1|Human_poliovirus_1|2005|2005|Egypt|AF"
"129",129,11,"gi|239915497|dbj|AB467546.1|Human_poliovirus_1|1986|1986|Egypt|AF"
"130",130,13,"gi|239915393|dbj|AB467494.1|Human_poliovirus_1|2005|2005|Egypt|AF"
"131",131,12,"gi|239915231|dbj|AB467413.1|Human_poliovirus_1|2005|2005|Egypt|AF"
"132",132,10,"gi|239915161|dbj|AB467378.1|Human_poliovirus_1|2005|2005|Egypt|AF"
"133",133,1252,"gi|82542328|gb|DQ264340.1|Human_poliovirus_1|2001|2001|Russia|AS"
"134",134,1252,"gi|82542332|gb|DQ264342.1|Human_poliovirus_1|1999|1999|Russia|AS"
"135",135,1252,"gi|82542338|gb|DQ264345.1|Human_poliovirus_1|2001|2001|Russia|AS"
"136",136,1252,"gi|82542364|gb|DQ264358.1|Human_poliovirus_1|1997|1997|Belarus|EU"
"137",137,10,"gi|239915389|dbj|AB467492.1|Human_poliovirus_1|2005|2005|Egypt|AF"
"138",138,10,"gi|239915651|dbj|AB467623.1|Human_poliovirus_1|2005|2005|Egypt|AF"
"139",139,34,"gi|239915693|dbj|AB467644.1|Human_poliovirus_1|2005|2005|Egypt|AF"
"140",140,10,"gi|239915721|dbj|AB467658.1|Human_poliovirus_1|2005|2005|Egypt|AF"
"141",141,11,"gi|239915183|dbj|AB467389.1|Human_poliovirus_1|2005|2005|Egypt|AF"
"142",142,73,"gi|239915199|dbj|AB467397.1|Human_poliovirus_1|2005|2005|Egypt|AF"
"143",143,19,"gi|239915493|dbj|AB467544.1|Human_poliovirus_1|2005|2005|Egypt|AF"
"144",144,70,"gi|239915601|dbj|AB467598.1|Human_poliovirus_1|2005|2005|Egypt|AF"
"145",145,70,"gi|239915263|dbj|AB467429.1|Human_poliovirus_1|2005|2005|Egypt|AF"
"146",146,73,"gi|239915545|dbj|AB467570.1|Human_poliovirus_1|2005|2005|Egypt|AF"
"147",147,1253,"gi|82542334|gb|DQ264343.1|Human_poliovirus_1|2000|2000|Russia|AS"
"148",148,13,"gi|239915531|dbj|AB467563.1|Human_poliovirus_1|2005|2005|Egypt|AF"
"149",149,11,"gi|239915627|dbj|AB467611.1|Human_poliovirus_1|2005|2005|Egypt|AF"
"150",150,13,"gi|239915681|dbj|AB467638.1|Human_poliovirus_1|2005|2005|Egypt|AF"
"151",151,1253,"gi|82542354|gb|DQ264353.1|Human_poliovirus_1|2002|2002|Russia|AS"
"152",152,1253,"gi|82542312|gb|DQ264332.1|Human_poliovirus_1|1998|1998|Belarus|EU"
"153",153,12,"gi|239915661|dbj|AB467628.1|Human_poliovirus_1|2005|2005|Egypt|AF"
"154",154,75,"gi|239915323|dbj|AB467459.1|Human_poliovirus_1|2005|2005|Egypt|AF"
"155",155,1254,"gi|82542352|gb|DQ264352.1|Human_poliovirus_1|2002|2002|Russia|AS"
"156",156,1253,"gi|82542310|gb|DQ264331.1|Human_poliovirus_1|1998|1998|Belarus|EU"
"157",157,12,"gi|239915359|dbj|AB467477.1|Human_poliovirus_1|2005|2005|Egypt|AF"
"158",158,1252,"gi|82542284|gb|DQ264318.1|Human_poliovirus_1|2000|2000|Russia|AS"
"159",159,11,"gi|239915835|dbj|AB467715.1|Human_poliovirus_1|2005|2005|Egypt|AF"
"160",160,11,"gi|239915365|dbj|AB467480.1|Human_poliovirus_1|2005|2005|Egypt|AF"
"161",161,75,"gi|239915515|dbj|AB467555.1|Human_poliovirus_1|2005|2005|Egypt|AF"
"162",162,12,"gi|239915831|dbj|AB467713.1|Human_poliovirus_1|2005|2005|Egypt|AF"
"163",163,12,"gi|239915305|dbj|AB467450.1|Human_poliovirus_1|2005|2005|Egypt|AF"
"164",164,77,"gi|239915499|dbj|AB467547.1|Human_poliovirus_1|1986|1986|Egypt|AF"
"165",165,16,"gi|239915415|dbj|AB467505.1|Human_poliovirus_1|2005|2005|Egypt|AF"
"166",166,69,"gi|239915309|dbj|AB467452.1|Human_poliovirus_1|2005|2005|Egypt|AF"
"167",167,11,"gi|239915659|dbj|AB467627.1|Human_poliovirus_1|2005|2005|Egypt|AF"
"168",168,12,"gi|239915641|dbj|AB467618.1|Human_poliovirus_1|2005|2005|Egypt|AF"
"169",169,1253,"gi|82542314|gb|DQ264333.1|Human_poliovirus_1|1998|1998|Russia|AS"
"170",170,13,"gi|239915163|dbj|AB467379.1|Human_poliovirus_1|2005|2005|Egypt|AF"
"171",171,14,"gi|239915725|dbj|AB467660.1|Human_poliovirus_1|2005|2005|Egypt|AF"
"172",172,12,"gi|239915631|dbj|AB467613.1|Human_poliovirus_1|2005|2005|Egypt|AF"
"173",173,12,"gi|239915469|dbj|AB467532.1|Human_poliovirus_1|2005|2005|Egypt|AF"
"174",174,44,"gi|239915735|dbj|AB467665.1|Human_poliovirus_1|2005|2005|Egypt|AF"
"175",175,79,"gi|239915349|dbj|AB467472.1|Human_poliovirus_1|2005|2005|Egypt|AF"
"176",176,18,"gi|239915491|dbj|AB467543.1|Human_poliovirus_1|2005|2005|Egypt|AF"
"177",177,183,"gi|239915201|dbj|AB467398.1|Human_poliovirus_1|2005|2005|Egypt|AF"
"178",178,72,"gi|239915293|dbj|AB467444.1|Human_poliovirus_1|2005|2005|Egypt|AF"
"179",179,110,"gi|239915519|dbj|AB467557.1|Human_poliovirus_1|2005|2005|Egypt|AF"
"180",180,14,"gi|239915697|dbj|AB467646.1|Human_poliovirus_1|2005|2005|Egypt|AF"
"181",181,12,"gi|239915683|dbj|AB467639.1|Human_poliovirus_1|2005|2005|Egypt|AF"
"182",182,14,"gi|239915609|dbj|AB467602.1|Human_poliovirus_1|2005|2005|Egypt|AF"
"183",183,13,"gi|239915409|dbj|AB467502.1|Human_poliovirus_1|2005|2005|Egypt|AF"
"184",184,13,"gi|239915407|dbj|AB467501.1|Human_poliovirus_1|2005|2005|Egypt|AF"
"185",185,77,"gi|239915675|dbj|AB467635.1|Human_poliovirus_1|2005|2005|Egypt|AF"
"186",186,1254,"gi|82542290|gb|DQ264321.1|Human_poliovirus_1|1997|1997|Russia|AS"
"187",187,82,"gi|239915555|dbj|AB467575.1|Human_poliovirus_1|2005|2005|Egypt|AF"
"188",188,73,"gi|239915361|dbj|AB467478.1|Human_poliovirus_1|2005|2005|Egypt|AF"
"189",189,70,"gi|239915383|dbj|AB467489.1|Human_poliovirus_1|2005|2005|Egypt|AF"
"190",190,1254,"gi|82542322|gb|DQ264337.1|Human_poliovirus_1|2000|2000|Russia|AS"
"191",191,33,"gi|239915283|dbj|AB467439.1|Human_poliovirus_1|2005|2005|Egypt|AF"
"192",192,76,"gi|239915335|dbj|AB467465.1|Human_poliovirus_1|2005|2005|Egypt|AF"
"193",193,1254,"gi|82542330|gb|DQ264341.1|Human_poliovirus_1|1998|1998|Russia|AS"
"194",194,14,"gi|239915585|dbj|AB467590.1|Human_poliovirus_1|2005|2005|Egypt|AF"
"195",195,55,"gi|239915589|dbj|AB467592.1|Human_poliovirus_1|2005|2005|Egypt|AF"
"196",196,14,"gi|239915599|dbj|AB467597.1|Human_poliovirus_1|2005|2005|Egypt|AF"
"197",197,16,"gi|239915369|dbj|AB467482.1|Human_poliovirus_1|2005|2005|Egypt|AF"
"198",198,110,"gi|239915591|dbj|AB467593.1|Human_poliovirus_1|2005|2005|Egypt|AF"
"199",199,14,"gi|239915521|dbj|AB467558.1|Human_poliovirus_1|2005|2005|Egypt|AF"
"200",200,1253,"gi|82542360|gb|DQ264356.1|Human_poliovirus_1|2002|2002|Russia|AS"
"201",201,1253,"gi|82542306|gb|DQ264329.1|Human_poliovirus_1|1998|1998|Russia|AS"
"202",202,1253,"gi|82542362|gb|DQ264357.1|Human_poliovirus_1|1997|1997|Belarus|EU"
"203",203,1254,"gi|82542344|gb|DQ264348.1|Human_poliovirus_1|2001|2001|Russia|AS"
"204",204,1254,"gi|82542316|gb|DQ264334.1|Human_poliovirus_1|2001|2001|Russia|AS"
"205",205,1253,"gi|82542286|gb|DQ264319.1|Human_poliovirus_1|1996|1996|Belarus|EU"
"206",206,12,"gi|239915317|dbj|AB467456.1|Human_poliovirus_1|2005|2005|Egypt|AF"
"207",207,1255,"gi|82542292|gb|DQ264322.1|Human_poliovirus_1|1997|1997|Kazakhstan|AS"
"208",208,16,"gi|239915619|dbj|AB467607.1|Human_poliovirus_1|2005|2005|Egypt|AF"
"209",209,14,"gi|239915399|dbj|AB467497.1|Human_poliovirus_1|2005|2005|Egypt|AF"
"210",210,1254,"gi|82542288|gb|DQ264320.1|Human_poliovirus_1|1996|1996|Georgia|EU"
"211",211,1255,"gi|82542358|gb|DQ264355.1|Human_poliovirus_1|2003|2003|Georgia|EU"
"212",212,902,"gi|239915845|dbj|AB467720.1|Human_poliovirus_1|2005|2005|Egypt|AF"
"213",213,1255,"gi|82542324|gb|DQ264338.1|Human_poliovirus_1|2000|2000|Russia|AS"
"214",214,1256,"gi|82542326|gb|DQ264339.1|Human_poliovirus_1|2001|2001|Russia|AS"
"215",215,72,"gi|239915251|dbj|AB467423.1|Human_poliovirus_1|2005|2005|Egypt|AF"
"216",216,79,"gi|239915301|dbj|AB467448.1|Human_poliovirus_1|2005|2005|Egypt|AF"
"217",217,71,"gi|239915505|dbj|AB467550.1|Human_poliovirus_1|2005|2005|Egypt|AF"
"218",218,1255,"gi|82542348|gb|DQ264350.1|Human_poliovirus_1|2001|2001|Russia|AS"
"219",219,75,"gi|239915187|dbj|AB467391.1|Human_poliovirus_1|2005|2005|Egypt|AF"
"220",220,73,"gi|239915189|dbj|AB467392.1|Human_poliovirus_1|2005|2005|Egypt|AF"
"221",221,69,"gi|239915343|dbj|AB467469.1|Human_poliovirus_1|2005|2005|Egypt|AF"
"222",222,17,"gi|239915587|dbj|AB467591.1|Human_poliovirus_1|2005|2005|Egypt|AF"
"223",223,78,"gi|239915351|dbj|AB467473.1|Human_poliovirus_1|2005|2005|Egypt|AF"
"224",224,1256,"gi|82542308|gb|DQ264330.1|Human_poliovirus_1|1998|1998|Belarus|EU"
"225",225,84,"gi|239915563|dbj|AB467579.1|Human_poliovirus_1|2005|2005|Egypt|AF"
"226",226,1259,"gi|82542294|gb|DQ264323.1|Human_poliovirus_1|1997|1997|Russia|AS"
"227",227,187,"gi|239915219|dbj|AB467407.1|Human_poliovirus_1|2005|2005|Egypt|AF"
"228",228,23,"gi|239915605|dbj|AB467600.1|Human_poliovirus_1|2005|2005|Egypt|AF"
"229",229,2229,"gi|379139123|gb|JN967696.1|Enterovirus_C|Nov_2010|2010|Burundi|NA"
"230",230,2275,"gi|260079362|gb|FJ598092.1|Human_coxsackievirus_A18|May_2008|2008|China|AS"
"231",231,715,"gi|269213187|gb|FJ842159.1|Human_poliovirus_3|1984|1984|Finland|EU"
"232",232,711,"gi|269213185|gb|FJ842158.1|Human_poliovirus_3|1984|1984|Finland|EU"
"233",233,730,"gi|238015862|emb|FM955278.1|CV_A17|2002|2002|Madagascar|AF"
"234",234,707,"gi|261600303|gb|FJ859189.1|Human_poliovirus_3|27_Jul_2007|2007|China|AS"
"235",235,707,"gi|261600305|gb|FJ859190.1|Human_poliovirus_3|10_May_2007|2007|China|AS"
"236",236,704,"gi|261600301|gb|FJ859188.1|Human_poliovirus_3|10_Sep_2002|2002|China|AS"
"237",237,1583,"gi|82542422|gb|DQ264387.1|Human_poliovirus_3|2003|2003|Russia|AS"
"238",238,711,"gi|261600293|gb|FJ859184.1|Human_poliovirus_3|26_Feb_2002|2002|China|AS"
"239",239,710,"gi|261600291|gb|FJ859183.1|Human_poliovirus_3|14_Aug_2001|2001|China|AS"
"240",240,2268,"gi|260079364|gb|FJ598093.1|Human_poliovirus_3|May_2008|2008|China|AS"
"241",241,706,"gi|261600307|gb|FJ859191.1|Human_poliovirus_3|09_Sep_2008|2008|China|AS"
"242",242,710,"gi|261600297|gb|FJ859186.1|Human_poliovirus_3|26_May_2002|2002|China|AS"
"243",243,1586,"gi|82542418|gb|DQ264385.1|Human_poliovirus_3|1999|1999|Kazakhstan|AS"
"244",244,1585,"gi|82542410|gb|DQ264381.1|Human_poliovirus_3|2001|2001|Moldova|NA"
"245",245,1588,"gi|82542404|gb|DQ264378.1|Human_poliovirus_3|2000|2000|Russia|AS"
"246",246,711,"gi|261600309|gb|FJ859192.1|Human_poliovirus_3|22_Aug_2008|2008|China|AS"
"247",247,1589,"gi|82542416|gb|DQ264384.1|Human_poliovirus_3|1999|1999|Kyrgyzstan|AS"
"248",248,1588,"gi|82542412|gb|DQ264382.1|Human_poliovirus_3|2001|2001|Belarus|EU"
"249",249,709,"gi|261600295|gb|FJ859185.1|Human_poliovirus_3|04_Feb_2002|2002|China|AS"
"250",250,1586,"gi|82542424|gb|DQ264388.1|Human_poliovirus_3|2004|2004|Russia|AS"
"251",251,1585,"gi|82542406|gb|DQ264379.1|Human_poliovirus_3|2001|2001|Russia|AS"
"252",252,1585,"gi|82542414|gb|DQ264383.1|Human_poliovirus_3|2001|2001|Russia|AS"
"253",253,1585,"gi|82542408|gb|DQ264380.1|Human_poliovirus_3|2001|2001|Russia|AS"
"254",254,1586,"gi|82542402|gb|DQ264377.1|Human_poliovirus_3|2000|2000|Russia|AS"
"255",255,706,"gi|261600299|gb|FJ859187.1|Human_poliovirus_3|03_Jul_2002|2002|China|AS"
"256",256,1584,"gi|82542420|gb|DQ264386.1|Human_poliovirus_3|1999|1999|Russia|AS"
"257",257,685,"gi|336169676|gb|HQ703555.1|Human_poliovirus_2|23_Jul_2006|2006|Israel|AS"
"258",258,681,"gi|336169672|gb|HQ703553.1|Human_poliovirus_2|18_Oct_2006|2006|Israel|AS"
"259",259,681,"gi|336169670|gb|HQ703552.1|Human_poliovirus_2|06_Sep_2006|2006|Israel|AS"
"260",260,684,"gi|336169674|gb|HQ703554.1|Human_poliovirus_2|06_Dec_2006|2006|Israel|AS"
"261",261,677,"gi|110566616|emb|AM292219.1|Human_poliovirus_2|02_Feb_2006|2006|Israel|AS"
"262",262,673,"gi|110566622|emb|AM292221.1|Human_poliovirus_2|02_Feb_2006|2006|Israel|AS"
"263",263,674,"gi|110566619|emb|AM292220.1|Human_poliovirus_2|02_Feb_2006|2006|Israel|AS"
"264",264,659,"gi|336169668|gb|HQ703551.1|Human_poliovirus_2|06_Sep_2006|2006|Israel|AS"
"265",265,679,"gi|164420618|emb|AM884185.1|Human_poliovirus_2|2002|2002|Madagascar|AF"
"266",266,678,"gi|164420616|emb|AM884184.1|Human_poliovirus_2|2002|2002|Madagascar|AF"
"267",267,1567,"gi|82542374|gb|DQ264363.1|Human_poliovirus_2|2002|2002|Kazakhstan|AS"
"268",268,1566,"gi|82542376|gb|DQ264364.1|Human_poliovirus_2|2002|2002|Kazakhstan|AS"
"269",269,1564,"gi|82542386|gb|DQ264369.1|Human_poliovirus_2|2001|2001|Moldova|NA"
"270",270,684,"gi|313798428|gb|HM107833.1|Human_poliovirus_2|06_May_1997|1997|China|AS"
"271",271,1569,"gi|82542400|gb|DQ264376.1|Human_poliovirus_2|1999|1999|Georgia|EU"
"272",272,689,"gi|313798492|gb|HM107834.1|Human_poliovirus_2|30_Jul_1999|1999|China|AS"
"273",273,1571,"gi|82542390|gb|DQ264371.1|Human_poliovirus_2|2000|2000|Turkmenistan|AS"
"274",274,687,"gi|313798510|gb|HM107835.1|Human_poliovirus_2|18_Aug_2004|2004|China|AS"
"275",275,1573,"gi|82542396|gb|DQ264374.1|Human_poliovirus_2|2001|2001|Belarus|EU"
"276",276,1569,"gi|82542366|gb|DQ264359.1|Human_poliovirus_2|1998|1998|Armenia|NA"
"277",277,1572,"gi|82542392|gb|DQ264372.1|Human_poliovirus_2|2000|2000|Russia|AS"
"278",278,1571,"gi|82542388|gb|DQ264370.1|Human_poliovirus_2|1999|1999|Moldova|NA"
"279",279,1566,"gi|82542398|gb|DQ264375.1|Human_poliovirus_2|2001|2001|Russia|AS"
"280",280,1567,"gi|82542394|gb|DQ264373.1|Human_poliovirus_2|2000|2000|Kazakhstan|AS"
"281",281,1569,"gi|82542380|gb|DQ264366.1|Human_poliovirus_2|1999|1999|Kyrgyzstan|AS"
"282",282,1569,"gi|82542384|gb|DQ264368.1|Human_poliovirus_2|2001|2001|Russia|AS"
"283",283,690,"gi|313798388|gb|HM107832.1|Human_poliovirus_2|23_Mar_1997|1997|China|AS"
"284",284,688,"gi|260907738|gb|FJ898290.1|Human_poliovirus_2|19_Jan_1999|1999|China|AS"
"285",285,1570,"gi|82542378|gb|DQ264365.1|Human_poliovirus_2|2000|2000|Russia|AS"
"286",286,1569,"gi|82542382|gb|DQ264367.1|Human_poliovirus_2|2001|2001|Moldova|NA"
"287",287,1569,"gi|82542372|gb|DQ264362.1|Human_poliovirus_2|2001|2001|Ukraine|NA"
"288",288,1570,"gi|82542368|gb|DQ264360.1|Human_poliovirus_2|1999|1999|Russia|AS"
"289",289,1569,"gi|82542370|gb|DQ264361.1|Human_poliovirus_2|2001|2001|Ukraine|NA"
"290",290,2288,"gi|260079368|gb|FJ598095.1|CV_A24|Apr_2008|2008|China|AS"
"291",291,2291,"gi|260079366|gb|FJ598094.1|CV_A24|Apr_2008|2008|China|AS"
"292",292,2284,"gi|328460847|gb|HM044185.1|Enterovirus_C|01_Sep_2009|2009|Malaysia|AS"
"293",293,848,"gi|471434775|dbj|AB769164.2|CV_A24|Oct_2011|2011|Japan|AS"
"294",294,850,"gi|427917769|dbj|AB769165.1|CV_A24|Oct_2011|2011|Japan|AS"
"295",295,853,"gi|427917765|dbj|AB769163.1|CV_A24|Oct_2011|2011|Japan|AS"
"296",296,852,"gi|471434773|dbj|AB769162.2|CV_A24|Jun_2011|2011|Japan|AS"
"297",297,854,"gi|427917743|dbj|AB769152.1|CV_A24|Jun_2011|2011|Japan|AS"
"298",298,853,"gi|471434765|dbj|AB769154.2|CV_A24|Jun_2011|2011|Japan|AS"
"299",299,852,"gi|471434767|dbj|AB769156.2|CV_A24|Jun_2011|2011|Japan|AS"
"300",300,852,"gi|471434771|dbj|AB769161.2|CV_A24|Jun_2011|2011|Japan|AS"
"301",301,852,"gi|427917759|dbj|AB769160.1|CV_A24|Jun_2011|2011|Japan|AS"
"302",302,852,"gi|471434769|dbj|AB769159.2|CV_A24|Jun_2011|2011|Japan|AS"
"303",303,840,"gi|550826712|gb|KF129412.1|Human_enterovirus_C99|08_Sep_2011|2011|China|AS"
"304",304,842,"gi|550826710|gb|KF129411.1|Human_enterovirus_C99|30_Aug_2011|2011|China|AS"
"305",305,829,"gi|332182786|gb|HQ415758.1|EV_C96|2005|2005|China|AS"
"306",306,836,"gi|332182788|gb|HQ415759.1|EV_C96|2009|2009|China|AS"
